scheme,Cluster01,Cluster02,Cluster23,Cluster25,YCSB,kv202206,kv202401
AC-Cache,0.024385,0.012978866,0.000504775,0.043884437,0.056431738,0.01240455,0.06356075
EC-Cache,0.226435865,0.138054467,0.000335671,0.135682498,0.138027869,0.062605,0.106011
SP-Cache,0.146110874,0.154736986,0.000396703,0.140308984,0.143744386,0.097036184,0.100522618
Baseline,0.118480226,0.142211736,0.000250235,0.143687564,0.136907164,0.062749261,0.10603206
Replication,0.040695877,0.193109772,0.062782595,0.135595446,0.091074224,0.062749257,0.106032054
