scheme,Cluster01,Cluster02,Cluster23,Cluster25
with CM-Sketch,556.9696777,13376.51024,23888.00008,1204.888894
w/o CM-Sketch,582.2483234,94878.15668,172218.177,5325.171582
